{
  "ate_rmse_m": 0.22864619918311377,
  "ate_mean_m": 0.1934307061531703,
  "ate_median_m": 0.16748711468348815,
  "ate_max_m": 0.581384642216321,
  "ate_final_m": 0.0896657315700932,
  "ate_std_m": 0.1219165547330223,
  "heading_rmse_deg": 3.3511394532380523,
  "heading_mean_deg": 2.1451935566399287,
  "n_paired": 7129,
  "rpe_rmse_m": 0.0538024143311636,
  "rpe_mean_m": 0.027835776710355288,
  "rpe_max_m": 0.37257019116000095,
  "delta_steps": 10,
  "label": "corredor_ekf_v2"
}