{
  "ate_rmse_m": 1.0475413412957535,
  "ate_mean_m": 0.9856619746736538,
  "ate_median_m": 0.9606743182790927,
  "ate_max_m": 1.7102817277165183,
  "ate_final_m": 1.3251717481760616,
  "ate_std_m": 0.3547017527531266,
  "heading_rmse_deg": 4.152964523802208,
  "heading_mean_deg": 3.1394979025745773,
  "n_paired": 7129,
  "rpe_rmse_m": 0.053418206558958514,
  "rpe_mean_m": 0.022714527869954204,
  "rpe_max_m": 0.4128064507356928,
  "delta_steps": 10,
  "label": "corredor_odom_only"
}