{
  "ate_rmse_m": 0.2197351616465634,
  "ate_mean_m": 0.1793418526394342,
  "ate_median_m": 0.146780573391031,
  "ate_max_m": 0.5370874055356349,
  "ate_final_m": 0.0970876908778863,
  "ate_std_m": 0.12696472406025544,
  "heading_rmse_deg": 3.447803056965648,
  "heading_mean_deg": 2.1140783638619185,
  "n_paired": 7129,
  "rpe_rmse_m": 0.05281838817545469,
  "rpe_mean_m": 0.025937877510034662,
  "rpe_max_m": 0.39600625099359,
  "delta_steps": 10,
  "label": "corredor_ekf_v1"
}