{
  "pf_scan_index": 946,
  "pf_t": 257.6,
  "pf_pose": {
    "x": 11.566775068415888,
    "y": -8.38266894011138,
    "theta": -1.5602487076504292
  },
  "pf_position_error_m": 0.4101040290647082,
  "pf_heading_error_rad": 0.01054729234957086,
  "pf_selected_cluster_mass": 1.0000000000000002,
  "odom_start_index": 2576
}