{
  "particles": 3000,
  "scans": 448,
  "mean_position_error_m": 12.800367204521052,
  "median_position_error_m": 11.206461186682708,
  "final_position_error_m": 0.06412790763419837,
  "final_heading_error_rad": 0.026688543650622766,
  "converged": true,
  "first_converged_scan": 276,
  "first_converged_t": 59.6,
  "converged_fraction": 0.23660714285714285,
  "hypothesis_switches": 15,
  "hysteresis_margin": 0.1,
  "hysteresis_window": 5
}