{
  "particles": 3000,
  "scans": 581,
  "mean_position_error_m": 13.158240605940785,
  "median_position_error_m": 16.705654783373003,
  "final_position_error_m": 24.60812451887817,
  "final_heading_error_rad": 0.008208958757151663,
  "converged": true,
  "first_converged_scan": 542,
  "first_converged_t": 137.1,
  "converged_fraction": 0.1962134251290878,
  "hypothesis_switches": 28,
  "hysteresis_margin": 0.5
}