{
  "particles": 3000,
  "scans": 581,
  "mean_position_error_m": 13.668411819626106,
  "median_position_error_m": 16.8159026587113,
  "final_position_error_m": 18.931078516741852,
  "final_heading_error_rad": 0.41204634869817225,
  "converged": true,
  "first_converged_scan": 542,
  "first_converged_t": 137.1,
  "converged_fraction": 0.1686746987951807
}