{
  "particles": 3000,
  "scans": 581,
  "mean_position_error_m": 13.228262365201696,
  "median_position_error_m": 16.711824281139243,
  "final_position_error_m": 24.60812451887817,
  "final_heading_error_rad": 0.008208958757151663,
  "converged": true,
  "first_converged_scan": 542,
  "first_converged_t": 137.1,
  "converged_fraction": 0.19104991394148021,
  "hypothesis_switches": 32,
  "hysteresis_margin": 0.1
}