{
  "particles": 3000,
  "scans": 581,
  "mean_position_error_m": 13.065919915155286,
  "median_position_error_m": 16.69217143324048,
  "final_position_error_m": 24.60812451887817,
  "final_heading_error_rad": 0.008208958757151663,
  "converged": true,
  "first_converged_scan": 542,
  "first_converged_t": 137.1,
  "converged_fraction": 0.2117039586919105,
  "hypothesis_switches": 15,
  "hysteresis_margin": 0.1,
  "hysteresis_window": 5
}