{
  "pf_scan_index": 817,
  "pf_t": 219.6,
  "pf_pose": {
    "x": -6.6951188885852755,
    "y": 11.723511466918083,
    "theta": -3.136150516277671
  },
  "pf_position_error_m": 0.7454897364841424,
  "pf_heading_error_rad": 0.005441790901916011,
  "pf_selected_cluster_mass": 0.9999999999999999,
  "odom_start_index": 2196
}